{
  "HTTP Zahtjev - prijave za izlet" : {
    "transaction" : "HTTP Zahtjev - prijave za izlet",
    "sampleCount" : 1000,
    "errorCount" : 0,
    "errorPct" : 0.0,
    "meanResTime" : 635.3239999999989,
    "medianResTime" : 27.0,
    "minResTime" : 12.0,
    "maxResTime" : 3369.0,
    "pct1ResTime" : 2487.2999999999997,
    "pct2ResTime" : 2874.95,
    "pct3ResTime" : 3139.98,
    "throughput" : 50.965801946893635,
    "receivedKBytesPerSec" : 138.61966491577903,
    "sentKBytesPerSec" : 8.037068064828501
  },
  "Total" : {
    "transaction" : "Total",
    "sampleCount" : 1000,
    "errorCount" : 0,
    "errorPct" : 0.0,
    "meanResTime" : 635.3239999999989,
    "medianResTime" : 27.0,
    "minResTime" : 12.0,
    "maxResTime" : 3369.0,
    "pct1ResTime" : 2487.2999999999997,
    "pct2ResTime" : 2874.95,
    "pct3ResTime" : 3139.98,
    "throughput" : 50.965801946893635,
    "receivedKBytesPerSec" : 138.61966491577903,
    "sentKBytesPerSec" : 8.037068064828501
  }
}