{
  "HTTP Zahtjev - forma za plaćanje izleta" : {
    "transaction" : "HTTP Zahtjev - forma za plaćanje izleta",
    "sampleCount" : 2000,
    "errorCount" : 0,
    "errorPct" : 0.0,
    "meanResTime" : 84298.58100000003,
    "medianResTime" : 84225.5,
    "minResTime" : 176.0,
    "maxResTime" : 167718.0,
    "pct1ResTime" : 150829.5,
    "pct2ResTime" : 159592.75,
    "pct3ResTime" : 166170.03,
    "throughput" : 7.4801309022907905,
    "receivedKBytesPerSec" : 9.466295582047685,
    "sentKBytesPerSec" : 1.7163978494623655
  },
  "Total" : {
    "transaction" : "Total",
    "sampleCount" : 2000,
    "errorCount" : 0,
    "errorPct" : 0.0,
    "meanResTime" : 84298.58100000003,
    "medianResTime" : 84225.5,
    "minResTime" : 176.0,
    "maxResTime" : 167718.0,
    "pct1ResTime" : 150829.5,
    "pct2ResTime" : 159592.75,
    "pct3ResTime" : 166170.03,
    "throughput" : 7.4801309022907905,
    "receivedKBytesPerSec" : 9.466295582047685,
    "sentKBytesPerSec" : 1.7163978494623655
  }
}