{
  "Total" : {
    "transaction" : "Total",
    "sampleCount" : 30,
    "errorCount" : 0,
    "errorPct" : 0.0,
    "meanResTime" : 103.16666666666669,
    "medianResTime" : 98.5,
    "minResTime" : 62.0,
    "maxResTime" : 268.0,
    "pct1ResTime" : 120.7,
    "pct2ResTime" : 192.0999999999999,
    "pct3ResTime" : 268.0,
    "throughput" : 1.0341618118514944,
    "receivedKBytesPerSec" : 0.6483709796959565,
    "sentKBytesPerSec" : 0.211074041676721
  },
  "HTTP Zahtjev - e-pošta" : {
    "transaction" : "HTTP Zahtjev - e-pošta",
    "sampleCount" : 30,
    "errorCount" : 0,
    "errorPct" : 0.0,
    "meanResTime" : 103.16666666666669,
    "medianResTime" : 98.5,
    "minResTime" : 62.0,
    "maxResTime" : 268.0,
    "pct1ResTime" : 120.7,
    "pct2ResTime" : 192.0999999999999,
    "pct3ResTime" : 268.0,
    "throughput" : 1.0341618118514944,
    "receivedKBytesPerSec" : 0.6483709796959565,
    "sentKBytesPerSec" : 0.211074041676721
  }
}