{
  "HTTP Zahtjev - forma za plaćanje izleta" : {
    "transaction" : "HTTP Zahtjev - forma za plaćanje izleta",
    "sampleCount" : 2000,
    "errorCount" : 0,
    "errorPct" : 0.0,
    "meanResTime" : 53.706999999999994,
    "medianResTime" : 53.0,
    "minResTime" : 28.0,
    "maxResTime" : 270.0,
    "pct1ResTime" : 66.0,
    "pct2ResTime" : 72.0,
    "pct3ResTime" : 105.98000000000002,
    "throughput" : 20.052537648639436,
    "receivedKBytesPerSec" : 25.37699554081694,
    "sentKBytesPerSec" : 4.60127408811085
  },
  "Total" : {
    "transaction" : "Total",
    "sampleCount" : 2000,
    "errorCount" : 0,
    "errorPct" : 0.0,
    "meanResTime" : 53.706999999999994,
    "medianResTime" : 53.0,
    "minResTime" : 28.0,
    "maxResTime" : 270.0,
    "pct1ResTime" : 66.0,
    "pct2ResTime" : 72.0,
    "pct3ResTime" : 105.98000000000002,
    "throughput" : 20.052537648639436,
    "receivedKBytesPerSec" : 25.37699554081694,
    "sentKBytesPerSec" : 4.60127408811085
  }
}