{
  "Total" : {
    "transaction" : "Total",
    "sampleCount" : 2000,
    "errorCount" : 0,
    "errorPct" : 0.0,
    "meanResTime" : 31.719000000000065,
    "medianResTime" : 26.0,
    "minResTime" : 13.0,
    "maxResTime" : 438.0,
    "pct1ResTime" : 29.0,
    "pct2ResTime" : 32.0,
    "pct3ResTime" : 343.0,
    "throughput" : 20.061387846811243,
    "receivedKBytesPerSec" : 168.01351588987302,
    "sentKBytesPerSec" : 3.055835230806267
  },
  "HTTP Zahtjev - vodiči" : {
    "transaction" : "HTTP Zahtjev - vodiči",
    "sampleCount" : 2000,
    "errorCount" : 0,
    "errorPct" : 0.0,
    "meanResTime" : 31.719000000000065,
    "medianResTime" : 26.0,
    "minResTime" : 13.0,
    "maxResTime" : 438.0,
    "pct1ResTime" : 29.0,
    "pct2ResTime" : 32.0,
    "pct3ResTime" : 343.0,
    "throughput" : 20.061387846811243,
    "receivedKBytesPerSec" : 168.01351588987302,
    "sentKBytesPerSec" : 3.055835230806267
  }
}