{
  "Total" : {
    "transaction" : "Total",
    "sampleCount" : 30,
    "errorCount" : 0,
    "errorPct" : 0.0,
    "meanResTime" : 18155.833333333332,
    "medianResTime" : 18078.5,
    "minResTime" : 2282.0,
    "maxResTime" : 34232.0,
    "pct1ResTime" : 31789.800000000003,
    "pct2ResTime" : 33593.45,
    "pct3ResTime" : 34232.0,
    "throughput" : 0.4750292934730975,
    "receivedKBytesPerSec" : 0.2978211000095006,
    "sentKBytesPerSec" : 0.09695422103113024
  },
  "HTTP Zahtjev - e-pošta" : {
    "transaction" : "HTTP Zahtjev - e-pošta",
    "sampleCount" : 30,
    "errorCount" : 0,
    "errorPct" : 0.0,
    "meanResTime" : 18155.833333333332,
    "medianResTime" : 18078.5,
    "minResTime" : 2282.0,
    "maxResTime" : 34232.0,
    "pct1ResTime" : 31789.800000000003,
    "pct2ResTime" : 33593.45,
    "pct3ResTime" : 34232.0,
    "throughput" : 0.4750292934730975,
    "receivedKBytesPerSec" : 0.2978211000095006,
    "sentKBytesPerSec" : 0.09695422103113024
  }
}