{
  "HTTP Zahtjev - forma za plaćanje članarine" : {
    "transaction" : "HTTP Zahtjev - forma za plaćanje članarine",
    "sampleCount" : 2000,
    "errorCount" : 0,
    "errorPct" : 0.0,
    "meanResTime" : 59.15050000000007,
    "medianResTime" : 59.0,
    "minResTime" : 34.0,
    "maxResTime" : 273.0,
    "pct1ResTime" : 71.0,
    "pct2ResTime" : 82.0,
    "pct3ResTime" : 120.98000000000002,
    "throughput" : 20.043695255657333,
    "receivedKBytesPerSec" : 73.04128077333587,
    "sentKBytesPerSec" : 4.775410394660359
  },
  "Total" : {
    "transaction" : "Total",
    "sampleCount" : 2000,
    "errorCount" : 0,
    "errorPct" : 0.0,
    "meanResTime" : 59.15050000000007,
    "medianResTime" : 59.0,
    "minResTime" : 34.0,
    "maxResTime" : 273.0,
    "pct1ResTime" : 71.0,
    "pct2ResTime" : 82.0,
    "pct3ResTime" : 120.98000000000002,
    "throughput" : 20.043695255657333,
    "receivedKBytesPerSec" : 73.04128077333587,
    "sentKBytesPerSec" : 4.775410394660359
  }
}