{
  "HTTP Zahtjev - forma za plaćanje članarine" : {
    "transaction" : "HTTP Zahtjev - forma za plaćanje članarine",
    "sampleCount" : 2000,
    "errorCount" : 0,
    "errorPct" : 0.0,
    "meanResTime" : 65656.69400000003,
    "medianResTime" : 65159.5,
    "minResTime" : 373.0,
    "maxResTime" : 131025.0,
    "pct1ResTime" : 118234.1,
    "pct2ResTime" : 124652.94999999998,
    "pct3ResTime" : 129751.39,
    "throughput" : 8.672726011239853,
    "receivedKBytesPerSec" : 31.604988904331158,
    "sentKBytesPerSec" : 2.066276972177895
  },
  "Total" : {
    "transaction" : "Total",
    "sampleCount" : 2000,
    "errorCount" : 0,
    "errorPct" : 0.0,
    "meanResTime" : 65656.69400000003,
    "medianResTime" : 65159.5,
    "minResTime" : 373.0,
    "maxResTime" : 131025.0,
    "pct1ResTime" : 118234.1,
    "pct2ResTime" : 124652.94999999998,
    "pct3ResTime" : 129751.39,
    "throughput" : 8.672726011239853,
    "receivedKBytesPerSec" : 31.604988904331158,
    "sentKBytesPerSec" : 2.066276972177895
  }
}