{
  "Total" : {
    "transaction" : "Total",
    "sampleCount" : 2000,
    "errorCount" : 0,
    "errorPct" : 0.0,
    "meanResTime" : 32.36299999999999,
    "medianResTime" : 26.0,
    "minResTime" : 13.0,
    "maxResTime" : 463.0,
    "pct1ResTime" : 28.0,
    "pct2ResTime" : 33.0,
    "pct3ResTime" : 377.99,
    "throughput" : 20.061186619188526,
    "receivedKBytesPerSec" : 168.0114289990722,
    "sentKBytesPerSec" : 3.055804578965846
  },
  "HTTP Zahtjev - vodiči" : {
    "transaction" : "HTTP Zahtjev - vodiči",
    "sampleCount" : 2000,
    "errorCount" : 0,
    "errorPct" : 0.0,
    "meanResTime" : 32.36299999999999,
    "medianResTime" : 26.0,
    "minResTime" : 13.0,
    "maxResTime" : 463.0,
    "pct1ResTime" : 28.0,
    "pct2ResTime" : 33.0,
    "pct3ResTime" : 377.99,
    "throughput" : 20.061186619188526,
    "receivedKBytesPerSec" : 168.0114289990722,
    "sentKBytesPerSec" : 3.055804578965846
  }
}