{
  "HTTP Zahtjev - forma za plaćanje izleta" : {
    "transaction" : "HTTP Zahtjev - forma za plaćanje izleta",
    "sampleCount" : 2000,
    "errorCount" : 0,
    "errorPct" : 0.0,
    "meanResTime" : 38683.16249999997,
    "medianResTime" : 38789.0,
    "minResTime" : 171.0,
    "maxResTime" : 75417.0,
    "pct1ResTime" : 68210.8,
    "pct2ResTime" : 72007.0,
    "pct3ResTime" : 74885.74,
    "throughput" : 11.42021835457494,
    "receivedKBytesPerSec" : 14.452576294196247,
    "sentKBytesPerSec" : 2.6204940100954732
  },
  "Total" : {
    "transaction" : "Total",
    "sampleCount" : 2000,
    "errorCount" : 0,
    "errorPct" : 0.0,
    "meanResTime" : 38683.16249999997,
    "medianResTime" : 38789.0,
    "minResTime" : 171.0,
    "maxResTime" : 75417.0,
    "pct1ResTime" : 68210.8,
    "pct2ResTime" : 72007.0,
    "pct3ResTime" : 74885.74,
    "throughput" : 11.42021835457494,
    "receivedKBytesPerSec" : 14.452576294196247,
    "sentKBytesPerSec" : 2.6204940100954732
  }
}