{
  "Total" : {
    "transaction" : "Total",
    "sampleCount" : 2000,
    "errorCount" : 0,
    "errorPct" : 0.0,
    "meanResTime" : 34.42,
    "medianResTime" : 26.0,
    "minResTime" : 13.0,
    "maxResTime" : 506.0,
    "pct1ResTime" : 29.0,
    "pct2ResTime" : 33.0,
    "pct3ResTime" : 434.0,
    "throughput" : 20.07044726991741,
    "receivedKBytesPerSec" : 168.0880946810806,
    "sentKBytesPerSec" : 3.05721520035324
  },
  "HTTP Zahtjev - vodiči" : {
    "transaction" : "HTTP Zahtjev - vodiči",
    "sampleCount" : 2000,
    "errorCount" : 0,
    "errorPct" : 0.0,
    "meanResTime" : 34.42,
    "medianResTime" : 26.0,
    "minResTime" : 13.0,
    "maxResTime" : 506.0,
    "pct1ResTime" : 29.0,
    "pct2ResTime" : 33.0,
    "pct3ResTime" : 434.0,
    "throughput" : 20.07044726991741,
    "receivedKBytesPerSec" : 168.0880946810806,
    "sentKBytesPerSec" : 3.05721520035324
  }
}