{
  "HTTP Zahtjev - prijave za izlet" : {
    "transaction" : "HTTP Zahtjev - prijave za izlet",
    "sampleCount" : 1000,
    "errorCount" : 0,
    "errorPct" : 0.0,
    "meanResTime" : 115.24100000000016,
    "medianResTime" : 26.0,
    "minResTime" : 12.0,
    "maxResTime" : 875.0,
    "pct1ResTime" : 604.4999999999999,
    "pct2ResTime" : 792.0,
    "pct3ResTime" : 853.99,
    "throughput" : 50.80526342529086,
    "receivedKBytesPerSec" : 138.1851566072245,
    "sentKBytesPerSec" : 8.011751892496063
  },
  "Total" : {
    "transaction" : "Total",
    "sampleCount" : 1000,
    "errorCount" : 0,
    "errorPct" : 0.0,
    "meanResTime" : 115.24100000000016,
    "medianResTime" : 26.0,
    "minResTime" : 12.0,
    "maxResTime" : 875.0,
    "pct1ResTime" : 604.4999999999999,
    "pct2ResTime" : 792.0,
    "pct3ResTime" : 853.99,
    "throughput" : 50.80526342529086,
    "receivedKBytesPerSec" : 138.1851566072245,
    "sentKBytesPerSec" : 8.011751892496063
  }
}