{
  "Total" : {
    "transaction" : "Total",
    "sampleCount" : 2000,
    "errorCount" : 0,
    "errorPct" : 0.0,
    "meanResTime" : 36.20549999999995,
    "medianResTime" : 26.0,
    "minResTime" : 13.0,
    "maxResTime" : 654.0,
    "pct1ResTime" : 28.0,
    "pct2ResTime" : 33.0,
    "pct3ResTime" : 532.8800000000001,
    "throughput" : 20.06823198876179,
    "receivedKBytesPerSec" : 168.07029642973612,
    "sentKBytesPerSec" : 3.0568777593818988
  },
  "HTTP Zahtjev - vodiči" : {
    "transaction" : "HTTP Zahtjev - vodiči",
    "sampleCount" : 2000,
    "errorCount" : 0,
    "errorPct" : 0.0,
    "meanResTime" : 36.20549999999995,
    "medianResTime" : 26.0,
    "minResTime" : 13.0,
    "maxResTime" : 654.0,
    "pct1ResTime" : 28.0,
    "pct2ResTime" : 33.0,
    "pct3ResTime" : 532.8800000000001,
    "throughput" : 20.06823198876179,
    "receivedKBytesPerSec" : 168.07029642973612,
    "sentKBytesPerSec" : 3.0568777593818988
  }
}